scenario,recommended_provider,confidence,reason,anti_patterns,use_cases
高交易量電商,ecpay,HIGH,市佔率最高 | 穩定性佳 | 完整SDK | 社群資源豐富,小型項目會過度設計,大型電商 | 高頻交易 | 需要穩定性
快速整合,ecpay,HIGH,文檔完整 | 範例豐富 | 測試帳號可用,複雜加密需求,MVP 快速驗證 | 新創項目
多元支付,newebpay,HIGH,支援 13 種付款方式 | MPG 整合 | 電子錢包,基礎需求過度,需要多種支付方式 | 電商平台
信用卡記憶,newebpay,HIGH,信用卡記憶功能 | 快速結帳,隱私考量需評估,會員制電商 | 訂閱服務
簡潔 API,payuni,MEDIUM,JSON RESTful | 統一集團背景 | AES-GCM 加密,大型專案社群資源少,新項目 | API 優先設計
LINE Pay 整合,newebpay,HIGH,原生支援 LINE Pay | 整合簡單,單一支付方式不需要,LINE 生態系 | 年輕族群
Apple Pay / Google Pay,newebpay,HIGH,完整支援行動支付 | 多種電子錢包,桌面為主不需要,行動優先 | App 支付
ATM 轉帳,ecpay,HIGH,虛擬帳號配發 | 自動對帳,即時性要求高,大額交易 | B2B 付款
超商代碼,ecpay,HIGH,四大超商支援 | 廣泛通路,數位原生族群,無卡族群 | 學生市場
定期定額,ecpay,HIGH,週期扣款 | 彈性設定,單次交易不需要,訂閱制服務 | SaaS
BNPL 先買後付,ecpay,MEDIUM,BNPL 無卡分期,風險控管需評估,年輕族群 | 高單價商品
跨境支付,newebpay,MEDIUM,支援國際卡 | 多元貨幣,國內為主不需要,跨境電商 | 國際客戶
測試開發,ecpay,HIGH,測試帳號完整 | 測試卡可用,正式環境,開發階段 | 測試驗證
傳統產業,ecpay,HIGH,市佔率高 | 社群支援好 | 整合商多,技術能力強的團隊,傳統轉型 | 中小企業
新創公司,payuni,MEDIUM,RESTful 設計 | 統一集團,需要完整文檔參考,新創 API 設計 | 現代架構
PHP 開發,ecpay,HIGH,PHP SDK 完整 | 範例豐富,非 PHP 技術棧,PHP 電商系統 | WordPress
Node.js 開發,payuni,MEDIUM,JSON API 友好 | RESTful,無特定框架需求,Node.js 後端 | Express
Python 開發,ecpay,HIGH,Python 範例完整 | 加密庫支援,無特定框架需求,Django | Flask
行動 App,newebpay,HIGH,行動支付完整 | Apple/Google Pay,網頁為主,iOS | Android App
小額付款,ecpay,HIGH,支援超商條碼 | 代碼繳費,大額交易,小額商品 | 虛擬商品
大額交易,ecpay,HIGH,ATM 轉帳 | 穩定性高 | 安全,小額即時,B2B | 高單價商品
會員制,newebpay,HIGH,信用卡記憶 | 快速結帳 | 定期扣款,一次性交易,會員訂閱 | 定期服務
分期付款,ecpay,HIGH,支援 3/6/12/18/24 期 | 銀行合作完整,小額交易,高單價商品 | 3C 電商
即時到帳,ecpay,HIGH,網路 ATM | 信用卡即時,延遲可接受,需要即時確認訂單
批次對帳,ecpay,HIGH,API 查詢完整 | CSV 下載,手動對帳,大量訂單處理
後台管理,ecpay,HIGH,商店後台功能完整 | 報表齊全,API 自動化,需要人工管理
發票整合,ecpay,HIGH,同時支援金流發票 | 整合簡單,已有發票系統,一站式服務
物流整合,ecpay,HIGH,同時支援金流物流 | 整合簡單,已有物流系統,一站式服務
API 文檔,ecpay,HIGH,官方文檔完整 | 中英文,不需文檔參考,學習階段 | 整合開發
社群支援,ecpay,HIGH,使用者多 | 問題解決快,技術能力強,遇到問題需支援
成本考量,三家比較,MEDIUM,費率需個別洽談 | 交易量影響,成本非主要考量,費率敏感 | 高毛利商品
